"Age","Sex","Housing","Saving.accounts","Credit.amount","Duration","Risk"
"above_35","male","own","little","low","short",1
"bellow_35","male","not_own","rich","medium","short",1
"bellow_35","male","own","rich","low","short",1
"above_35","male","own","little","high","short",1
"above_35","male","own","little","low","short",1
"above_35","male","not_own","rich","low","short",1
"bellow_35","male","own","little","low","long",0
"bellow_35","male","own","little","low","short",1
"above_35","male","own","little","high","long",1
"above_35","male","not_own","little","high","long",0
"bellow_35","male","own","little","medium","long",1
"bellow_35","male","own","little","medium","short",1
"above_35","female","own","little","low","short",1
"above_35","male","own","rich","low","short",1
"bellow_35","male","own","little","medium","long",1
"above_35","female","not_own","little","low","short",1
"bellow_35","female","not_own","little","medium","long",1
"bellow_35","male","own","moderate","low","short",0
"bellow_35","female","not_own","little","low","short",0
"above_35","male","own","little","low","short",1
"above_35","female","own","little","high","long",1
"above_35","male","not_own","little","low","long",1
"bellow_35","male","own","little","high","short",1
"bellow_35","female","not_own","little","medium","short",1
"above_35","male","not_own","little","low","short",1
"above_35","male","own","little","high","long",1
"bellow_35","male","own","little","low","short",1
"bellow_35","male","own","little","low","long",1
"above_35","male","own","little","high","long",1
"bellow_35","female","own","moderate","low","short",1
"above_35","male","own","little","medium","short",1
"above_35","female","own","little","low","long",1
"bellow_35","female","not_own","little","low","short",0
"above_35","male","own","rich","low","short",1
"bellow_35","male","own","little","low","short",1
"bellow_35","male","own","little","medium","short",1
"bellow_35","male","own","rich","low","short",1
"above_35","male","own","little","medium","long",1
"bellow_35","male","own","little","medium","long",1
"bellow_35","female","own","little","low","short",1
"bellow_35","female","not_own","rich","low","short",0
"above_35","male","own","little","medium","long",0
"above_35","male","own","little","medium","long",1
"above_35","female","not_own","moderate","low","long",1
"above_35","male","own","rich","low","short",1
"bellow_35","male","own","little","high","long",1
"bellow_35","female","own","little","low","long",0
"bellow_35","female","own","little","low","long",1
"bellow_35","male","own","little","low","short",1
"above_35","female","own","little","high","long",1
"bellow_35","female","own","little","high","long",0
"bellow_35","male","own","little","medium","short",0
"bellow_35","male","own","little","low","short",1
"bellow_35","female","own","little","medium","long",1
"above_35","female","own","little","medium","short",1
"bellow_35","male","own","little","low","long",1
"above_35","male","own","little","medium","long",0
"bellow_35","male","not_own","little","low","short",0
"above_35","male","own","moderate","medium","short",1
"bellow_35","female","own","little","medium","long",1
"bellow_35","female","own","moderate","medium","long",1
"bellow_35","male","own","rich","medium","short",1
"bellow_35","male","own","little","high","long",0
"above_35","male","own","little","medium","long",1
"bellow_35","male","own","little","low","long",1
"above_35","male","own","little","high","long",1
"bellow_35","male","not_own","little","low","long",0
"above_35","female","own","little","low","short",1
"bellow_35","male","own","little","low","short",1
"bellow_35","male","own","moderate","medium","long",1
"above_35","male","own","rich","low","short",0
"above_35","male","not_own","little","high","long",1
"bellow_35","female","not_own","little","low","short",1
"above_35","female","not_own","little","high","long",0
"above_35","male","own","moderate","low","long",0
"bellow_35","female","not_own","little","low","long",0
"above_35","male","own","little","medium","long",1
"above_35","female","own","little","low","short",1
"bellow_35","male","own","little","low","short",0
"bellow_35","female","not_own","little","low","short",0
"above_35","male","own","little","medium","long",1
"above_35","male","own","little","high","long",1
"bellow_35","male","own","little","high","long",0
"bellow_35","male","not_own","little","high","long",1
"bellow_35","male","own","little","medium","long",1
"bellow_35","male","not_own","little","medium","short",1
"above_35","female","own","little","medium","short",1
"bellow_35","female","not_own","little","high","long",1
"above_35","male","own","rich","medium","long",1
"bellow_35","female","own","little","low","long",1
"above_35","male","own","little","low","short",1
"bellow_35","male","own","little","low","long",1
"above_35","male","not_own","little","low","long",0
"above_35","male","own","little","medium","short",1
"bellow_35","female","own","little","low","short",1
"bellow_35","male","own","little","medium","long",1
"bellow_35","male","own","little","low","short",0
"bellow_35","male","not_own","little","high","long",0
"bellow_35","female","own","little","high","long",1
"bellow_35","female","own","little","medium","long",0
"above_35","male","own","little","high","long",1
"bellow_35","male","own","little","medium","short",0
"bellow_35","male","own","rich","medium","long",1
"bellow_35","female","own","little","medium","short",0
"above_35","male","own","rich","low","short",1
"above_35","female","own","moderate","low","short",1
"bellow_35","male","own","little","medium","long",1
"bellow_35","female","own","little","high","long",1
"bellow_35","male","own","little","low","short",0
"bellow_35","female","not_own","moderate","high","long",0
"bellow_35","male","own","little","medium","long",0
"above_35","female","own","little","low","short",1
"bellow_35","male","own","little","low","short",1
"above_35","female","own","rich","low","short",1
"bellow_35","female","own","little","low","short",1
"above_35","male","own","little","low","short",1
"bellow_35","male","not_own","little","high","long",1
"bellow_35","male","own","little","high","long",1
"above_35","male","own","little","high","long",1
"bellow_35","male","own","little","high","long",1
"bellow_35","male","own","moderate","low","long",1
"bellow_35","male","not_own","little","high","short",1
"bellow_35","female","not_own","little","low","short",1
"above_35","male","not_own","little","low","short",0
"above_35","male","own","little","medium","long",1
"above_35","male","own","little","high","short",0
"above_35","male","not_own","little","medium","short",1
"bellow_35","male","own","little","medium","short",1
"above_35","male","own","little","medium","short",0
"above_35","male","own","little","low","short",1
"above_35","male","own","little","low","short",1
"bellow_35","male","not_own","moderate","high","long",0
"bellow_35","female","own","little","high","long",1
"bellow_35","female","own","little","medium","short",0
"above_35","male","own","little","medium","long",1
"above_35","male","own","little","medium","short",1
"bellow_35","male","own","little","medium","long",1
"bellow_35","male","own","moderate","high","long",1
"above_35","male","not_own","moderate","high","long",1
"above_35","female","own","little","high","long",0
"bellow_35","female","not_own","little","medium","short",1
"bellow_35","male","not_own","little","low","short",1
"bellow_35","male","own","moderate","medium","long",1
"above_35","female","not_own","little","medium","short",1
"bellow_35","male","not_own","little","low","short",0
"bellow_35","male","own","moderate","medium","short",1
"bellow_35","female","own","little","medium","short",1
"above_35","male","own","little","low","short",0
"bellow_35","female","not_own","little","low","short",0
"above_35","female","own","little","low","short",1
"above_35","female","not_own","little","low","short",1
"bellow_35","female","own","little","high","long",1
"above_35","male","own","little","low","short",1
"bellow_35","female","not_own","little","high","short",1
"above_35","male","not_own","little","high","long",1
"bellow_35","female","not_own","moderate","medium","long",0
"above_35","male","own","moderate","high","long",1
"above_35","male","not_own","little","low","short",1
"bellow_35","male","own","little","low","short",0
"bellow_35","male","own","rich","medium","short",1
"bellow_35","female","own","little","medium","short",1
"bellow_35","male","own","little","high","long",0
"above_35","male","not_own","little","high","long",1
"above_35","male","own","little","high","long",1
"bellow_35","female","not_own","little","medium","long",1
"above_35","male","own","little","high","short",0
"bellow_35","male","own","little","low","short",1
"above_35","female","not_own","moderate","low","short",0
"bellow_35","female","not_own","moderate","low","long",1
"bellow_35","male","own","little","high","long",1
"bellow_35","female","own","little","medium","short",1
"bellow_35","male","own","little","low","short",0
"above_35","male","own","little","medium","short",1
"above_35","female","own","little","low","short",0
"bellow_35","male","own","little","medium","short",0
"bellow_35","male","not_own","moderate","medium","long",1
"above_35","male","own","little","high","long",0
"above_35","male","own","little","medium","long",1
"bellow_35","male","own","little","low","short",1
"bellow_35","male","own","little","medium","short",1
"bellow_35","female","own","little","medium","long",0
"above_35","male","not_own","little","high","long",1
"above_35","male","own","little","low","long",1
"above_35","male","own","little","medium","long",1
"above_35","male","not_own","little","high","short",0
"above_35","male","own","little","low","short",1
"bellow_35","female","not_own","little","medium","short",0
"bellow_35","female","not_own","rich","high","long",0
"bellow_35","male","own","little","low","long",0
"above_35","male","own","little","medium","short",1
"above_35","female","own","rich","low","short",1
"bellow_35","male","own","little","low","short",1
"bellow_35","female","not_own","little","low","short",0
"bellow_35","female","own","moderate","low","short",0
"above_35","male","own","little","medium","long",1
"above_35","male","own","little","medium","long",1
"above_35","male","not_own","little","high","long",0
"bellow_35","female","own","little","low","short",1
"bellow_35","male","own","little","medium","short",1
"above_35","male","own","rich","high","long",0
"above_35","male","own","little","low","short",1
"above_35","male","own","moderate","medium","long",1
"bellow_35","male","own","little","low","short",1
"above_35","male","own","little","medium","short",1
"bellow_35","male","own","little","high","short",1
"above_35","male","not_own","little","high","long",1
"above_35","male","own","rich","medium","long",0
"above_35","male","not_own","little","medium","long",0
"above_35","male","own","little","high","short",1
"bellow_35","female","not_own","little","medium","short",1
"bellow_35","male","own","little","low","short",1
"above_35","male","own","moderate","medium","long",1
"above_35","male","own","little","high","long",0
"bellow_35","male","own","little","medium","long",0
"bellow_35","male","own","little","low","short",0
"above_35","male","own","little","medium","short",1
"above_35","female","own","little","low","short",1
"above_35","male","own","rich","low","short",1
"above_35","male","not_own","little","low","short",1
"bellow_35","female","own","little","low","short",0
"bellow_35","male","own","moderate","high","long",1
"bellow_35","female","not_own","little","low","short",0
"bellow_35","female","own","little","low","short",0
"above_35","male","own","little","low","short",1
"above_35","male","not_own","little","high","long",0
"bellow_35","male","own","little","low","short",1
"bellow_35","female","own","little","low","short",1
"above_35","male","own","little","low","short",1
"bellow_35","male","own","moderate","high","long",1
"bellow_35","female","not_own","little","low","long",0
"above_35","male","own","little","low","short",1
"bellow_35","female","own","little","high","long",0
"above_35","male","own","little","low","short",1
"above_35","male","own","rich","low","short",1
"above_35","male","own","little","high","long",1
"above_35","female","not_own","little","low","long",1
"above_35","male","own","little","low","long",0
"above_35","male","own","little","low","short",1
"bellow_35","female","not_own","moderate","low","short",1
"bellow_35","male","own","little","low","short",1
"bellow_35","female","own","moderate","medium","short",1
"bellow_35","male","not_own","moderate","medium","long",1
"bellow_35","male","not_own","rich","low","short",0
"bellow_35","male","own","little","high","long",1
"bellow_35","male","own","little","medium","short",1
"bellow_35","male","own","rich","high","long",0
"bellow_35","male","own","rich","medium","long",1
"bellow_35","female","own","moderate","low","short",0
"above_35","male","own","little","low","short",1
"above_35","male","own","little","low","short",1
"above_35","male","own","little","low","long",0
"bellow_35","male","own","little","high","long",1
"bellow_35","male","not_own","moderate","medium","long",0
"bellow_35","male","own","moderate","high","short",1
"bellow_35","female","own","little","low","short",1
"bellow_35","female","own","little","medium","short",0
"above_35","male","own","little","medium","long",1
"bellow_35","male","own","little","low","short",1
"bellow_35","female","not_own","little","low","long",0
"above_35","male","own","little","medium","short",1
"above_35","female","own","little","low","long",0
"above_35","male","own","little","medium","short",1
"bellow_35","male","own","little","high","long",1
"bellow_35","male","own","little","low","short",1
"bellow_35","male","own","little","medium","long",1
"above_35","male","not_own","little","high","long",1
"bellow_35","male","own","little","medium","short",1
"above_35","male","own","little","low","long",1
"above_35","male","not_own","little","low","short",1
"above_35","female","own","little","low","short",1
"bellow_35","female","own","rich","low","long",1
"above_35","male","own","little","medium","long",1
"above_35","male","own","little","medium","short",1
"bellow_35","male","not_own","rich","low","short",1
"bellow_35","female","own","rich","high","long",1
"bellow_35","male","own","little","medium","long",1
"bellow_35","female","own","rich","high","long",0
"bellow_35","male","own","little","low","short",1
"above_35","male","own","little","low","short",0
"above_35","male","own","little","low","short",1
"bellow_35","male","not_own","little","low","short",1
"bellow_35","male","own","moderate","medium","long",0
"bellow_35","male","own","little","low","short",1
"above_35","male","own","little","low","short",1
"above_35","male","not_own","little","medium","long",1
"above_35","male","own","little","low","short",1
"bellow_35","female","not_own","little","low","short",1
"above_35","male","not_own","moderate","low","short",1
"bellow_35","male","own","little","medium","short",1
"bellow_35","male","not_own","little","medium","short",1
"bellow_35","female","own","little","medium","short",1
"bellow_35","female","own","little","low","short",0
"bellow_35","male","own","little","low","short",1
"bellow_35","male","own","rich","medium","long",1
"bellow_35","female","own","moderate","low","short",0
"above_35","male","own","little","high","long",0
"above_35","male","own","little","low","short",1
"above_35","male","own","little","low","short",1
"above_35","male","own","rich","high","long",1
"above_35","male","own","little","medium","long",1
"bellow_35","male","own","little","low","short",0
"above_35","male","own","little","high","long",1
"bellow_35","male","own","little","medium","long",1
"bellow_35","male","own","little","low","short",0
"bellow_35","male","not_own","little","high","short",0
"bellow_35","female","not_own","little","medium","long",0
"bellow_35","male","not_own","little","medium","short",1
"bellow_35","female","not_own","little","low","short",1
"above_35","male","own","little","high","long",1
"above_35","male","not_own","little","medium","long",1
"bellow_35","male","own","little","medium","long",0
"above_35","male","not_own","little","low","short",1
"bellow_35","female","not_own","little","high","long",1
"above_35","male","not_own","little","low","short",1
"above_35","female","own","little","medium","short",1
"bellow_35","female","own","little","low","short",0
"bellow_35","male","not_own","little","medium","long",0
"bellow_35","male","not_own","moderate","low","long",1
"bellow_35","female","own","moderate","medium","short",0
"above_35","female","own","little","low","long",0
"above_35","female","own","little","medium","short",1
"bellow_35","male","own","little","high","long",0
"bellow_35","male","own","rich","low","short",1
"bellow_35","male","own","little","medium","long",1
"bellow_35","male","own","little","high","long",0
"bellow_35","female","not_own","rich","low","short",0
"above_35","male","own","little","medium","short",1
"bellow_35","female","not_own","little","medium","short",1
"bellow_35","male","own","little","low","short",1
"bellow_35","male","own","little","medium","short",1
"bellow_35","female","own","little","low","short",1
"bellow_35","female","own","little","low","short",0
"bellow_35","female","not_own","little","low","long",1
"above_35","male","own","little","low","short",1
"above_35","male","own","little","low","short",1
"bellow_35","female","own","little","low","short",0
"bellow_35","male","own","little","medium","short",1
"above_35","male","own","little","high","long",1
"bellow_35","male","own","little","medium","short",1
"bellow_35","female","own","little","low","short",0
"above_35","female","not_own","little","medium","short",1
"bellow_35","female","not_own","rich","low","short",1
"bellow_35","female","own","little","high","long",1
"bellow_35","male","own","little","medium","short",1
"bellow_35","female","not_own","little","low","long",0
"above_35","male","not_own","little","medium","short",0
"bellow_35","male","own","little","high","long",1
"bellow_35","male","own","moderate","medium","short",1
"bellow_35","female","own","little","medium","long",1
"bellow_35","male","own","little","low","short",0
"bellow_35","female","own","little","low","short",1
"above_35","female","not_own","rich","medium","long",1
"bellow_35","male","own","little","low","short",1
"above_35","male","own","little","low","short",1
"bellow_35","male","own","rich","medium","long",1
"bellow_35","female","not_own","rich","low","short",1
"above_35","male","not_own","little","high","long",0
"bellow_35","female","not_own","little","medium","long",1
"bellow_35","male","own","little","low","short",1
"bellow_35","male","own","rich","low","short",1
"above_35","male","own","little","low","long",1
"above_35","male","not_own","little","high","long",1
"bellow_35","female","own","moderate","medium","short",1
"above_35","male","own","little","low","long",1
"above_35","female","own","little","medium","short",1
"above_35","female","not_own","little","high","long",0
"above_35","male","own","rich","low","short",0
"above_35","male","not_own","little","low","short",1
"above_35","male","own","little","high","long",0
"above_35","male","not_own","little","medium","short",0
"above_35","male","own","little","low","long",1
"bellow_35","male","own","little","high","long",0
"above_35","male","own","little","medium","long",1
"bellow_35","male","not_own","rich","medium","long",1
"bellow_35","male","not_own","moderate","medium","short",1
"above_35","female","own","little","low","short",1
"bellow_35","male","not_own","moderate","medium","long",0
"above_35","male","own","little","medium","long",1
"bellow_35","male","own","little","low","short",1
"above_35","male","not_own","rich","low","short",1
"bellow_35","female","not_own","little","medium","long",0
"above_35","male","not_own","moderate","low","short",1
"above_35","female","not_own","little","low","short",0
"above_35","male","not_own","little","medium","long",1
"bellow_35","male","not_own","rich","medium","long",0
"bellow_35","male","own","little","low","short",0
"bellow_35","female","own","little","low","long",1
"above_35","male","own","little","medium","long",1
"above_35","male","own","rich","high","long",1
"above_35","male","own","rich","medium","short",1
"bellow_35","female","own","little","medium","short",1
"bellow_35","male","own","little","low","short",1
"bellow_35","female","not_own","little","low","short",0
"bellow_35","female","not_own","little","high","short",1
"above_35","male","own","little","low","long",1
"bellow_35","male","own","little","high","long",0
"bellow_35","female","not_own","little","medium","long",1
"above_35","male","not_own","little","high","short",1
"bellow_35","male","own","little","low","long",0
"bellow_35","male","own","moderate","low","short",0
